{
  "15": 1422.1744223884725,
  "6": 1487.7349111243745,
  "8": 1315.425219469039,
  "10": 1468.144750271342,
  "21": 1532.859415478347,
  "28": 1370.774443592074,
  "20": 1383.1817702245592,
  "23": 1371.6412337586235,
  "13": 1513.898611889942,
  "16": 1354.3781292971414,
  "19": 1434.3283822714936,
  "17": 1315.272795554279,
  "4": 1337.2968150040754,
  "12": 1496.4182286894427,
  "5": 1460.9927228874446,
  "3": 1463.2435048913308,
  "7": 1266.5351269746764,
  "1": 1310.9704101611896,
  "2": 1428.4711557319915,
  "9": 1331.8788736871604,
  "11": 1318.0102433975687,
  "14": 1554.8384094592766,
  "29": 1346.243803556586,
  "30": 1480.5064416367184,
  "18": 1477.0031381841839,
  "25": 1420.1531356113687,
  "24": 1341.5935134468066,
  "22": 1378.7302327752636,
  "27": 1354.4736047794074,
  "26": 1393.914400712908,
  "52": 1386.1869541978988,
  "53": 1288.6818957224077,
  "54": 1485.1582518773625,
  "55": 1308.8850512952513
}
