{"18": 1523.5892049149052, "16": 1434.152433281054, "15": 1383.8115781248764, "2": 1482.8057804328123, "3": 1379.3799175512834, "8": 1304.012556705651, "10": 1438.4773820207242, "13": 1344.9508815396985, "17": 1525.0697038821193, "4": 1271.4558339893165, "19": 1295.0387044139013, "29": 1343.0301168451163, "23": 1468.2202913399012, "1": 1369.8769809490818, "27": 1468.6973110709384, "5": 1338.0316711789317, "30": 1231.944702333759, "7": 1358.276674288454, "34": 1357.8594425976025, "11": 1407.925093872772, "22": 1357.5410911431038, "14": 1474.073542392274, "9": 1514.979475746694, "21": 1396.4574392976745, "26": 1503.1406320734543, "25": 1402.7022674973243, "28": 1302.707509440001, "6": 1399.7451582788194, "33": 1492.4402017926843, "20": 1262.8192511006073, "12": 1588.629922565188, "24": 1378.157247339275, "31": 1443.747133633611, "32": 1356.252866366389, "null": 1400.0, "36": 1443.747133633611, "35": 1356.252866366389}