{
  "New Orleans Saints": 1455.7073399071573,
  "Minnesota Vikings": 1397.6253211839344,
  "Miami Dolphins": 1371.010045765663,
  "Buffalo Bills": 1367.9385124286332,
  "Chicago Bears": 1386.3620778937,
  "Detroit Lions": 1378.8046607129152,
  "Tennessee Titans": 1351.1657947440422,
  "Las Vegas Raiders": 1342.7167721738638,
  "New England Patriots": 1567.159958936762,
  "Cincinnati Bengals": 1389.2211501317688,
  "New York Giants": 1389.6310680992663,
  "Carolina Panthers": 1402.5186873332673,
  "Pittsburgh Steelers": 1476.614898872668,
  "Atlanta Falcons": 1432.375043435,
  "Tampa Bay Buccaneers": 1336.0884319386466,
  "Cleveland Browns": 1274.626736355739,
  "Jacksonville Jaguars": 1290.8360113971926,
  "Denver Broncos": 1450.982849793946,
  "Houston Texans": 1390.826696375712,
  "Indianapolis Colts": 1401.2864932023235,
  "Arizona Cardinals": 1394.633083778906,
  "Los Angeles Rams": 1378.961541426066,
  "Green Bay Packers": 1491.1131252806583,
  "Philadelphia Eagles": 1419.536198113833,
  "Seattle Seahawks": 1482.7214872554687,
  "San Francisco 49ers": 1419.65055446546,
  "Washington": 1338.6892707044267,
  "Dallas Cowboys": 1414.8050380607433,
  "Baltimore Ravens": 1463.3124043397909,
  "New York Jets": 1365.2114197749343,
  "Kansas City Chiefs": 1442.3490356479867,
  "Los Angeles Chargers": 1389.0352084228214,
  "Detroit Pistons": 1341.4667083683742,
  "Atlanta Hawks": 1359.7937079428673,
  "Chicago Bulls": 1330.6677500033318,
  "Cleveland Cavaliers": 1426.3438807203477,
  "Golden State Warriors": 1567.8936707382825,
  "New Orleans Pelicans": 1367.7243406211167,
  "Washington Wizards": 1379.5734411987585,
  "Orlando Magic": 1320.5091013902793,
  "Boston Celtics": 1480.8409614902716,
  "Philadelphia 76ers": 1391.3854712974694,
  "Brooklyn Nets": 1335.9698440519414,
  "Utah Jazz": 1467.4806927446493,
  "Miami Heat": 1436.5876364770427,
  "Charlotte Hornets": 1373.0932203671703,
  "Toronto Raptors": 1503.265855363718,
  "Indiana Pacers": 1418.362757260896,
  "Denver Nuggets": 1445.9988998804474,
  "Houston Rockets": 1470.7839162385424,
  "Memphis Grizzlies": 1368.2578277326988,
  "New York Knicks": 1299.5945672457487,
  "Milwaukee Bucks": 1474.3692234092784,
  "Oklahoma City Thunder": 1451.0732012745277,
  "San Antonio Spurs": 1480.362887574236,
  "Dallas Mavericks": 1372.1973105757022,
  "Phoenix Suns": 1319.8430416569474,
  "Portland Trail Blazers": 1436.1071762315219,
  "LA Clippers": 1475.8997650884362,
  "Sacramento Kings": 1340.2813420763257,
  "Minnesota Timberwolves": 1339.1550171512115,
  "Los Angeles Lakers": 1381.3814687526994,
  "Boston Red Sox": 1439.6914971917527,
  "New York Yankees": 1455.0998384548532,
  "Philadelphia Phillies": 1386.3904382354685,
  "Washington Nationals": 1414.6934748441097,
  "St. Louis Cardinals": 1428.689605258467,
  "Cincinnati Reds": 1380.4514410866702,
  "New York Mets": 1386.94795779716,
  "Miami Marlins": 1355.7144871354997,
  "Pittsburgh Pirates": 1377.1168843693094,
  "Los Angeles Dodgers": 1451.74712449278,
  "Texas Rangers": 1409.131593912279,
  "Toronto Blue Jays": 1410.3000281241445,
  "Chicago White Sox": 1379.5982460311036,
  "Cleveland Guardians": 1415.8014179900424,
  "Colorado Rockies": 1371.9463891002729,
  "Milwaukee Brewers": 1402.3845587978133,
  "Detroit Tigers": 1388.2607004536071,
  "Kansas City Royals": 1381.531488559934,
  "Atlanta Braves": 1409.830048546822,
  "Chicago Cubs": 1396.9943912846213,
  "Arizona Diamondbacks": 1379.384773095581,
  "San Diego Padres": 1373.1502629965203,
  "San Francisco Giants": 1414.6851752843738,
  "Houston Astros": 1405.0368378890078,
  "Seattle Mariners": 1389.5389168456275,
  "Oakland Athletics": 1420.374914592785,
  "Los Angeles Angels": 1408.6466816379768,
  "Minnesota Twins": 1380.5781611217014,
  "Tampa Bay Rays": 1437.199759674658,
  "Baltimore Orioles": 1383.516103470119,
  "Washington Capitals": 1460.9193307752537,
  "Boston Bruins": 1461.342321066099,
  "Montreal Canadiens": 1402.4722513813933,
  "Toronto Maple Leafs": 1379.7056887573149,
  "Colorado Avalanche": 1400.2941809188153,
  "San Jose Sharks": 1434.7436272279065,
  "Calgary Flames": 1389.2255716515112,
  "Vancouver Canucks": 1401.2088899671905,
  "Florida Panthers": 1369.3729351103202,
  "Chicago Blackhawks": 1450.0098037442706,
  "St. Louis Blues": 1446.1737455646346,
  "Detroit Red Wings": 1370.0868946652463,
  "Philadelphia Flyers": 1412.0716942185545,
  "Carolina Hurricanes": 1383.2475036899018,
  "Pittsburgh Penguins": 1462.0270789122626,
  "New York Rangers": 1419.6038442277322,
  "Buffalo Sabres": 1327.4312780277214,
  "New Jersey Devils": 1368.3649006766614,
  "New York Islanders": 1401.6681913277885,
  "Ottawa Senators": 1363.6793087047977,
  "Tampa Bay Lightning": 1468.9635070637335,
  "Columbus Blue Jackets": 1389.1805232033598,
  "Minnesota Wild": 1406.6417658336086,
  "Nashville Predators": 1432.9297024473387,
  "Dallas Stars": 1416.9338425972608,
  "Anaheim Ducks": 1415.5554602627462,
  "Edmonton Oilers": 1341.0222622442948,
  "Los Angeles Kings": 1416.9837777372622,
  "Winnipeg Jets": 1405.3589738366109,
  "Arizona Coyotes": 1331.6465438889122,
  "Vegas Golden Knights": 1475.565864402112,
  "Seattle Kraken": 1359.3577804671888
}
